{
  "properties": {
    "connectionReferences": {
      "shared_commondataserviceforapps": {
        "runtimeSource": "embedded",
        "connection": {
          "connectionReferenceLogicalName": "rpakit_sharedcommondataserviceforapps_947e5"
        },
        "api": {
          "name": "shared_commondataserviceforapps"
        }
      }
    },
    "definition": {
      "$schema": "https://schema.management.azure.com/providers/Microsoft.Logic/schemas/2016-06-01/workflowdefinition.json#",
      "contentVersion": "1.0.0.0",
      "parameters": {
        "$connections": {
          "defaultValue": {},
          "type": "Object"
        },
        "$authentication": {
          "defaultValue": {},
          "type": "SecureObject"
        }
      },
      "triggers": {
        "When_a_row_is_added,_modified_or_deleted": {
          "metadata": {
            "operationMetadataId": "061d7b08-a0f5-4de0-b364-9d95cd575294"
          },
          "type": "OpenApiConnectionWebhook",
          "inputs": {
            "host": {
              "connectionName": "shared_commondataserviceforapps",
              "operationId": "SubscribeWebhookTrigger",
              "apiId": "/providers/Microsoft.PowerApps/apis/shared_commondataserviceforapps"
            },
            "parameters": {
              "subscriptionRequest/message": 1,
              "subscriptionRequest/entityname": "mrok_booking",
              "subscriptionRequest/scope": 4
            },
            "authentication": "@parameters('$authentication')"
          }
        }
      },
      "actions": {
        "Initialize_variable_Success": {
          "runAfter": {},
          "metadata": {
            "operationMetadataId": "bea149eb-b803-49f2-8a1c-d369c6264302"
          },
          "type": "InitializeVariable",
          "inputs": {
            "variables": [
              {
                "name": "success",
                "type": "boolean",
                "value": "@false"
              }
            ]
          }
        },
        "Do_until_Success_or_timeout": {
          "actions": {
            "Condition_-_is_stock_available": {
              "actions": {
                "Perform_a_changeset_request": {
                  "actions": {
                    "Add_a_new_row_to_Unique_Orders": {
                      "metadata": {
                        "operationMetadataId": "f10be469-4c78-4337-9a46-bc190c276537"
                      },
                      "type": "OpenApiConnection",
                      "inputs": {
                        "host": {
                          "connectionName": "shared_commondataserviceforapps",
                          "operationId": "CreateRecord",
                          "apiId": "/providers/Microsoft.PowerApps/apis/shared_commondataserviceforapps"
                        },
                        "parameters": {
                          "entityName": "mrok_uniqueorders",
                          "item/mrok_name": "@{outputs('Get_Warehouse_row_by_ID')?['body/mrok_name']}-@{add(outputs('Get_Warehouse_row_by_ID')?['body/mrok_bookedorders'], 1)}",
                          "item/mrok_sequencenumber": "@add(outputs('Get_Warehouse_row_by_ID')?['body/mrok_bookedorders'],1)",
                          "item/mrok_Warehouse@odata.bind": "/mrok_availablestocks(@{outputs('Get_Warehouse_row_by_ID')?['body/mrok_availablestockid']})"
                        },
                        "authentication": "@parameters('$authentication')"
                      }
                    },
                    "Update_row_Available_Stocks,_increase_Booked_Orders": {
                      "metadata": {
                        "operationMetadataId": "156fe1ec-c303-4270-91a3-7e594af81bbc"
                      },
                      "type": "OpenApiConnection",
                      "inputs": {
                        "host": {
                          "connectionName": "shared_commondataserviceforapps",
                          "operationId": "UpdateRecord",
                          "apiId": "/providers/Microsoft.PowerApps/apis/shared_commondataserviceforapps"
                        },
                        "parameters": {
                          "entityName": "mrok_availablestocks",
                          "recordId": "@outputs('Get_Warehouse_row_by_ID')?['body/mrok_availablestockid']",
                          "item/mrok_bookedorders": "@add(outputs('Get_Warehouse_row_by_ID')?['body/mrok_bookedorders'],1)"
                        },
                        "authentication": "@parameters('$authentication')"
                      }
                    },
                    "Update_row_Bookings,_set_Booked": {
                      "metadata": {
                        "operationMetadataId": "9bada68a-3410-4aff-84d8-785b52f6c1e0"
                      },
                      "type": "OpenApiConnection",
                      "inputs": {
                        "host": {
                          "connectionName": "shared_commondataserviceforapps",
                          "operationId": "UpdateRecord",
                          "apiId": "/providers/Microsoft.PowerApps/apis/shared_commondataserviceforapps"
                        },
                        "parameters": {
                          "entityName": "mrok_bookings",
                          "recordId": "@triggerOutputs()?['body/mrok_bookingid']",
                          "item/statecode": 0,
                          "item/statuscode": 452330001,
                          "item/mrok_uniqueindex": "@add(outputs('Get_Warehouse_row_by_ID')?['body/mrok_bookedorders'],1)"
                        },
                        "authentication": "@parameters('$authentication')"
                      }
                    }
                  },
                  "runAfter": {},
                  "metadata": {
                    "operationMetadataId": "245ee04e-3e3f-4a09-9748-1b877bfc985b"
                  },
                  "type": "Changeset",
                  "kind": "ODataOpenApiConnection",
                  "inputs": {
                    "host": {
                      "connectionName": "shared_commondataserviceforapps",
                      "operationId": "ExecuteChangeset",
                      "apiId": "/providers/Microsoft.PowerApps/apis/shared_commondataserviceforapps"
                    }
                  }
                },
                "Set_success_true": {
                  "runAfter": {
                    "Perform_a_changeset_request": [
                      "Succeeded"
                    ]
                  },
                  "metadata": {
                    "operationMetadataId": "32152a9b-77b6-4894-a889-c47e322ebe73"
                  },
                  "type": "SetVariable",
                  "inputs": {
                    "name": "success",
                    "value": "@true"
                  }
                },
                "Delay_random_3_to_15_seconds_on_failure": {
                  "runAfter": {
                    "Perform_a_changeset_request": [
                      "Failed"
                    ]
                  },
                  "metadata": {
                    "operationMetadataId": "055724f5-8773-434b-8ad2-1007fd418aca"
                  },
                  "type": "Wait",
                  "inputs": {
                    "interval": {
                      "count": "@rand(3, 15)",
                      "unit": "Second"
                    }
                  }
                }
              },
              "runAfter": {
                "Get_Warehouse_row_by_ID": [
                  "Succeeded"
                ]
              },
              "else": {
                "actions": {
                  "Set_success_true_2": {
                    "runAfter": {},
                    "metadata": {
                      "operationMetadataId": "32152a9b-77b6-4894-a889-c47e322ebe73"
                    },
                    "type": "SetVariable",
                    "inputs": {
                      "name": "success",
                      "value": "@true"
                    }
                  },
                  "Update_row_Bookings,_set_No_Stock_Left": {
                    "runAfter": {
                      "Set_success_true_2": [
                        "Succeeded"
                      ]
                    },
                    "metadata": {
                      "operationMetadataId": "510c8b74-428c-40f5-bc75-622e5c822b32"
                    },
                    "type": "OpenApiConnection",
                    "inputs": {
                      "host": {
                        "connectionName": "shared_commondataserviceforapps",
                        "operationId": "UpdateRecord",
                        "apiId": "/providers/Microsoft.PowerApps/apis/shared_commondataserviceforapps"
                      },
                      "parameters": {
                        "entityName": "mrok_bookings",
                        "recordId": "@triggerOutputs()?['body/mrok_bookingid']",
                        "item/statecode": 0,
                        "item/statuscode": 452330003
                      },
                      "authentication": "@parameters('$authentication')"
                    }
                  }
                }
              },
              "expression": {
                "greater": [
                  "@sub(outputs('Get_Warehouse_row_by_ID')?['body/mrok_availablecount'],outputs('Get_Warehouse_row_by_ID')?['body/mrok_bookedorders'])",
                  0
                ]
              },
              "metadata": {
                "operationMetadataId": "48175b0a-cf17-487d-99f3-e5b13b4f17fc"
              },
              "type": "If"
            },
            "Get_Warehouse_row_by_ID": {
              "runAfter": {},
              "metadata": {
                "operationMetadataId": "682c20ae-60fe-4d75-9a7d-2081cd71e855"
              },
              "type": "OpenApiConnection",
              "inputs": {
                "host": {
                  "connectionName": "shared_commondataserviceforapps",
                  "operationId": "GetItem",
                  "apiId": "/providers/Microsoft.PowerApps/apis/shared_commondataserviceforapps"
                },
                "parameters": {
                  "entityName": "mrok_availablestocks",
                  "recordId": "@triggerOutputs()?['body/_mrok_warehouse_value']"
                },
                "authentication": "@parameters('$authentication')"
              }
            }
          },
          "runAfter": {
            "Initialize_variable_Success": [
              "Succeeded"
            ]
          },
          "expression": "@equals(variables('success'), true)",
          "limit": {
            "count": 60,
            "timeout": "PT15M"
          },
          "metadata": {
            "operationMetadataId": "53168511-da8c-4e98-9d32-bd1f801a9450"
          },
          "type": "Until"
        },
        "Update_a_row_-_set_Failed_due_to_timeout": {
          "runAfter": {
            "Do_until_Success_or_timeout": [
              "TimedOut"
            ]
          },
          "metadata": {
            "operationMetadataId": "b7c3b8b3-f5fc-4340-882f-df6764284985"
          },
          "type": "OpenApiConnection",
          "inputs": {
            "host": {
              "connectionName": "shared_commondataserviceforapps",
              "operationId": "UpdateRecord",
              "apiId": "/providers/Microsoft.PowerApps/apis/shared_commondataserviceforapps"
            },
            "parameters": {
              "entityName": "mrok_bookings",
              "recordId": "@triggerOutputs()?['body/mrok_bookingid']",
              "item/statecode": 0,
              "item/statuscode": 452330002
            },
            "authentication": "@parameters('$authentication')"
          }
        }
      },
      "outputs": {}
    },
    "templateName": ""
  },
  "schemaVersion": "1.0.0.0"
}